Country Name,Country Code,1960,1961,1962,1963,1964,1965,1966,1967,1968,1969,1970,1971,1972,1973,1974,1975,1976,1977,1978,1979,1980,1981,1982,1983,1984,1985,1986,1987,1988,1989,1990,1991,1992,1993,1994,1995,1996,1997,1998,1999,2000,2001,2002,2003,2004,2005,2006,2007,2008,2009,2010,2011,2012,2013,2014,2015,2016,2017,2018,2019,2020
Aruba,ABW,,,,,,,,,,,,,,,,,,,,,,,,,,,11,10.3,10.24166667,10.475,10.6,10.675,10.6,10.6,10.6,10.6,10.375,10.25,11.04166667,13.14166667,12.06666667,12.6,11.3,10.7,9.6,11,9.5,10.4,10.5,10.7,10.3,9,8.4,8.5,7.3,7,6.9,6.3,6,5.7,6.8
Africa Eastern and Southern,AFE,,,,,,,,,,,,,,,,,,,,,,,,,,,,,,,,,,,,,,,,,,,,,,,,,,,,,,,,,,,,,
Afghanistan,AFG,,,,,,,,,,,,,,,,,,,,,,,,,,,,,,,,,,,,,,,,,,,,,,,17.97,18.135,14.9175,15,15.61222222,15.14583333,15,15.07916667,15,15,15,14.83666667,,,
Africa Western and Central,AFW,,,,,,,,,,,,,,,,,,,,,,,,,,,,,,,,,,,,,,,,,,,,,,,,,,,,,,,,,,,,,
Angola,AGO,,,,,,,,,,,,,,,,,,,,,,,,,,,,,,,,,,,,206.25,217.875,37.75,45,80.29666667,103.1601742,95.96656083,97.33583333,96.115,82.33416667,67.71813074,19.51081445,17.6988356,12.53360576,15.68207424,22.54357202,18.75724054,16.65640132,15.8086383,16.38227094,16.8818624,15.78050394,15.80610038,20.67700403,19.29536721,19.65589493
Albania,ALB,,,,,,,,,,,,,,,,,,,,,,,,,,,1,1,1,1,1,1,20.58333333,29.58333333,23.66666667,19.65,23.95833333,32.70833333,,21.615,22.1025,19.65416667,15.30416667,14.27083333,11.76152183,13.075,12.93994286,14.09962279,13.01964271,12.66093515,12.82232989,12.4320986,10.88034654,9.826604344,7.9725,7.8775,6.734166667,6.22,5.9325,6.275833333,6.120833333
Andorra,AND,,,,,,,,,,,,,,,,,,,,,,,,,,,,,,,,,,,,,,,,,,,,,,,,,,,,,,,,,,,,,
Arab World,ARB,,,,,,,,,,,,,,,,,,,,,,,,,,,,,,,,,,,,,,,,,,,,,,,,,,,,,,,,,,,,,
United Arab Emirates,ARE,,,,,,,,,,,,,,,,,,,,,,,,,,,,,,,,,,,,,,,,,,,,,,,,,,,,,,,,,,,,,
Argentina,ARG,,,,,,,,,,,,,,,,,,,,,,,,,,,,,,,,,,,,,,,,,,,,,,,,,,,10.5575,14.0875,14.06083333,17.14916667,24.00916667,24.91583333,31.2325,26.58083333,48.51666667,67.25416667,29.3875
Armenia,ARM,,,,,,,,,,,,,,,,,,,,,,,,,,,,,,,,,,,,96.1,66.35833333,54.2275,48.485,38.84833333,31.56600039,26.6875,21.13698193,20.82905443,18.63328512,17.98427289,16.52510371,17.51568537,17.04948273,18.76447059,19.20042831,17.75447379,17.23006824,15.99498737,16.40866526,17.59033032,17.35670611,14.40600168,12.79304193,12.14198895,11.61984251
American Samoa,ASM,,,,,,,,,,,,,,,,,,,,,,,,,,,,,,,,,,,,,,,,,,,,,,,,,,,,,,,,,,,,,
Antigua and Barbuda,ATG,,,,,,,,,,,,,,,,,,,,,,,10.92000033,11.62000035,11.48000035,11.06000033,11.90000036,10.64000032,9.380000284,10.64000032,10.64000032,12.6500001,12.70000005,12.67585965,13.14676231,12.69584697,12.25919106,11.98258611,12.19511147,12.07187764,12.17155394,11.6243804,11.38791338,12.82198145,11.96439075,11.39393808,10.89058988,10.43853504,10.42910094,10.06537009,10.99934751,10.91445252,10.15719664,9.952353294,10.07183771,9.835083333,9.575,9.31,8.976532,8.611329083,7.68383775
Australia,AUS,5,5.5,5.5,5.125,5.072916667,5.3125,5.375,5.375,5.583333333,5.875,6.90625,7.25,7.020833333,7.34375,9.375,10.27083333,9.916666667,9.875,9.375,9.125,9.979166667,11.83333333,13.29166667,12.41666667,11.5,12.41666667,15,15.08333333,14.08333333,16.45833333,16.35416667,13.41666667,10.58333333,9.416666667,9.0875,10.5,9.729166667,7.166666667,6.683333333,6.566666667,7.716666667,6.841666667,6.3625,6.6125,7.05,7.258333333,7.6125,8.195833333,8.908333333,6.020833333,7.279166667,7.7375,6.975,6.179166667,5.95,5.575,5.420833333,5.2455,5.260833333,5.101,
Austria,AUT,,,,,,,,,,,,,,,,,,,,,,,,,,,,,,,,,,,,,,,,,,,,,,,,,,,,,,,,,,,,,
Azerbaijan,AZE,,,,,,,,,,,,,,,,,,,,,,,,,,,,,,,,,,,,,,,19.85,19.48333333,19.65583333,19.70583333,17.37083333,15.45666667,15.72,17.02833333,17.86333333,19.13083333,19.7625,20.02916667,20.7,18.98833333,18.34583333,18.21,17.8575,17.53416667,16.37522672,16.5425,17.44833333,17.28121517,17.17820122
Burundi,BDI,,,,,,,,,,,,,,,,,,,12,12,12,12,12,12,12,12,12,12,12,12,12.34166667,12.78333333,13.65833333,13.76666667,14.2,15.25833333,,,15.4,15.23583333,15.77,16.82416667,19.4675,18.23083333,18.25416667,18.445,17.0725,16.84333333,16.52083333,14.07583333,12.42,13.2325,14.32,15.1475,15.66833333,15.32916667,14.23833333,14.79666667,14.78916667,14.53333333,12.195
Belgium,BEL,,,,,,,,,,,,,,,,,,,,,,,,,,,,,,,,,,,,,,,,,,,,,,,,,,,,,,,,,,,,,
Benin,BEN,,,,,,,,,,,,,,,,,,,,,,,,,,,,,,,,,,,,,,,,,,,,,,8.044166667,4.736666667,4.751666667,4.984166667,4.9775,5.113333333,5.255916667,5.039166667,5.2875,5.338333333,5.154166667,5.295,5.14,,,
Burkina Faso,BFA,,,,,,,,,,,,,,,,,,,,,,,,,,,,,,,,,,,,,,,,,,,,,,8.868333333,4.736666667,4.751666667,4.984166667,4.9775,5.113333333,5.255916667,5.039166667,5.2875,5.338333333,5.154166667,5.295,5.14,,,
Bangladesh,BGD,,,,,,,,,,,,,,,,,10.20642857,10.20642857,10.20642857,10.20642857,10.51571429,11.13428571,11.13428571,11.13428571,11.13428571,11.13428571,12.99,14.84571429,14.84571429,14.84571429,14.84571429,14.76839286,13.91785714,13.91785714,13.45392857,12.99,12.99,12.99,12.9325,13.09916667,12.755,12.82,12.60916667,12.0425,10.39916667,10.615,11.66416667,12.635,12.88916667,13.32666667,12.21916667,13.32166667,13.94416667,13.59333333,12.945,11.70916667,10.40916667,9.54,9.650833333,9.555833333,8.295
Bulgaria,BGR,,,,,,,,,,,,,,,,,,,,,,,,,,,,,,,,,74.05,76.85583333,102.515875,79.3615,291.05985,213.0184167,14.08335,13.498425,11.34338333,11.11076667,9.207841667,8.543366667,8.871325,8.660983333,8.892525,9.997766667,10.861425,11.335,11.14436667,10.62945833,9.714208333,9.043408333,8.262641667,7.448866667,6.393016667,5.439558333,4.963225,4.549208333,4.336633333
Bahrain,BHR,,,,,,,,,,,,,,,,,,,,,,,,,,,8.958333333,7.5,7.8,8.411481976,8.411481976,9.376328438,11.72659546,10.83596796,10.71226969,11.70185581,12.32034713,12.19664887,11.79586649,11.73401736,11.6028972,10.69247797,8.406534045,8.295205607,7.904319092,7.821853583,7.97523943,8.266342679,8.223460614,7.941428571,7.2475,6.790833333,6.035,5.935,5.868333333,5.160833333,,,,,
"Bahamas, The",BHS,,,,,,,,,,,,,,,,,9.5,9.5,9.5,9.125,10.83333333,11,11,11,11,10.33333333,9.25,9,9,9,9,9,8.083333333,7.458333333,6.875,6.75,6.75,6.75,6.75,6.375,6,6,6,6,6,5.541666667,5.5,5.5,5.5,5.5,5.5,5.0625,4.75,4.75,4.75,4.75,4.75,4.25,4.25,4.25,4.25
Bosnia and Herzegovina,BIH,,,,,,,,,,,,,,,,,,,,,,,,,,,,,,,,,,,,,,,,,,,12.69583333,10.87,10.28166667,9.6125,8.014166667,7.1725,6.978333333,7.9325,7.888333333,7.431666667,7.328916667,7.036048111,6.641508639,5.78888799,5.238166838,4.379581433,3.790281369,3.287227158,3.071874132
Belarus,BLR,,,,,,,,,,,,,,,,,,,,,,,,,,,,,,,,,21,71.625,148.5,175,62.33333333,31.8,26.99166667,51.04166667,67.66666667,46.96666667,36.88333333,23.975,16.90833333,11.35833333,8.841666667,8.575,8.55,11.675,9.216666667,13.575,19.49166667,19.13333333,18.74166667,18.08333333,14.4,9.658712416,8.695833333,9.023333333,9.0325
Belize,BLZ,,,,,,,,,,,,,,,,,,,,,,,14.59166667,14.59166667,14.59166667,14.59166667,14.69166667,14.14166667,13.55833333,13.76666667,14.04166667,14.24166667,14.31666667,14.36666667,14.775,15.69166667,16.3,16.29166667,16.5,16.2725,16.005,15.45416667,14.83416667,14.345,13.94166667,14.255,14.20916667,14.33333333,14.14083333,14.08166667,13.88333333,13.36333333,12.44083333,11.56916667,10.82178318,10.32027993,9.84091011,9.4625,9.115,9.066666667,8.734166667
Bermuda,BMU,,,,,,,,,,,,,,,,,,,,,,,,,,,,,,,,,,,,,,,,,,,,,,,,,,,,,,,,,,,,,
Bolivia,BOL,,,,,,,,,,,,,,,,,,,,,,,,,,,,49.41416667,39.79416667,37.27333333,41.81333333,41.1475,45.51166667,53.87666667,55.57333333,51.0175,55.96666667,50.05,39.41166667,35.36916667,34.59583333,20.05706122,20.63245674,17.66328905,14.46988333,16.61504167,11.89128333,12.86080833,13.87333333,12.359625,9.909927149,10.91539234,11.13494786,11.05139928,9.694228216,8.073253797,7.952026061,8.109892032,8.037242527,8.39953171,7.592223722
Brazil,BRA,,,,,,,,,,,,,,,,,,,,,,,,,,,,,,,,,,,,,,78.19333333,86.36333333,80.44333333,56.83,57.61666667,62.875,67.08333333,54.925,55.38333333,50.80833333,43.71666667,47.25,44.65,39.99166667,43.88333333,36.63666667,27.39166667,32.00833333,43.95833333,52.1,46.91666667,39.08333333,37.475,29.04166667
Barbados,BRB,,,,,,,,,,,,,,,,,,,,,,11.45833333,13.375,11.79166667,11.5,10.5625,9.0625,8.75,9.4375,9.916666667,11.41666667,12.41666667,13.54166667,8.916666667,9.083333333,10,10,9.833333333,9.75,9.395833333,10.1875,9.583333333,8.5,8.5,8.333333333,9.166666667,10.29166667,10.75833333,10.03333333,9.204166667,8.7,8.7,8.7,8.7,8.383333333,8.058333333,8.05,8.05,8.05,,
Brunei Darussalam,BRN,,,,,,,,,,,,,,,,,,,,,,,,,,,,,,,,,,,,,,,6.5,5.5,5.5,5.5,5.5,5.5,5.5,5.5,5.5,5.5,5.5,5.5,5.5,5.5,5.5,5.5,5.5,5.5,5.5,5.5,5.5,5.5,5.5
Bhutan,BTN,,,,,,,,,,,,,,,,,,,,,,,15,15,15,15,15,15,15,15,15,15,17,17,16.58333333,16,16,16,16,16,16,15.85416667,15.45833333,15.1875,15,14.5,14,14,13.85416667,13.75,13.91666667,14,14,14.0375,14.025,14.89583333,14.15,14.25,14,14,14
Botswana,BWA,,,,,,,,,,,,,,,,,,,,,8.475,9.625,24.20833333,13.375,12,11.5,11,10,7.833333333,7.666666667,7.875,11.83333333,14,14.91666667,13.91666667,14.41666667,14.5,13.94666667,13.65083333,14.77583333,15.47916667,15.75,16.20833333,16.4,15.75,15.7375,16.45833333,16.215,16.54166667,13.755625,11.45833333,11,11,10.18923333,9,7.95,7.3,6.875,6.5,6.395833333,5.75
Central African Republic,CAF,,,,,,,,,,,,,,,,,,,,,,,,,,,,,,,,,,,,,,,,,,,,,,,,,,,,,,,,,,,,,
Canada,CAN,5.75,5.604166667,5.708333333,5.75,5.75,5.770833333,6,5.916666667,6.916666667,7.958333333,8.166666667,6.479166667,6,7.645833333,10.75,9.416666667,10.04166667,8.5,9.6875,12.89583333,14.25,19.29166667,15.8125,11.16666667,12.0625,10.58333333,10.52083333,9.520833333,10.83333333,13.33333333,14.0625,9.9375,7.479166667,5.9375,6.875,8.645833333,6.0625,4.958333333,6.604166667,6.4375,7.270833333,5.8125,4.208333333,4.6875,4,4.416666667,5.8125,6.104166667,4.729166667,2.395833333,2.604166667,3,3,3,3,2.775,2.7,2.7,,,
Central Europe and the Baltics,CEB,,,,,,,,,,,,,,,,,,,,,,,,,,,,,,,,,,,,,,,,,,,,,,,,,,,,,,,,,,,,,
Switzerland,CHE,,,,,,,,,,,,,,,,,,,,,,,,,,,,,,,,,,,,,,,,,,,,,,,,,3.3425,2.750833333,2.733333333,2.718333333,2.688333333,2.689166667,2.69,2.680833333,2.646666667,2.627438678,2.627425593,2.63292318,2.634846704
Channel Islands,CHI,,,,,,,,,,,,,,,,,,,,,,,,,,,,,,,,,,,,,,,,,,,,,,,,,,,,,,,,,,,,,
Chile,CHL,,,,,,,,,,,,,,,,,,,,,,,,,,39.96552399,26.35913841,32.6655351,21.21342497,36.00913363,48.86917919,28.57541789,23.97052614,24.34582784,20.33965218,18.1595559,17.36785673,15.6702654,20.16950114,12.62315184,14.84339123,11.89100986,7.758072897,6.178778731,5.127003628,6.67787901,7.999482079,8.671258486,13.26177137,7.250634769,4.754826805,9.030152523,10.05726244,9.261876782,8.098058248,5.514927323,5.588396577,4.552855079,4.17801925,,
China,CHN,,,,,,,,,,,,,,,,,,,,,5.039999999,5.039999999,7.199999999,7.199999999,7.199999999,7.919999999,7.92,7.92,9,11.34,9.36,8.64,8.64,10.98,10.98,12.06,10.08,8.64,6.39,5.85,5.85,5.85,5.31,5.31,5.58,5.58,6.12,7.47,5.31,5.31,5.81,6.56,6,6,5.6,4.35,4.35,4.35,4.35,4.35,4.35
Cote d'Ivoire,CIV,,,,,,,,,,,,,,,,,,,,,,,,,,,,,,,,,,,,,,,,,,,,,,7.049166667,4.736666667,4.751666667,4.984166667,4.9775,5.113333333,5.255916667,5.039166667,5.2875,5.338333333,5.154166667,5.295,5.14,,,
Cameroon,CMR,,,,,,,,,,,,,,,,,,,,,,,,,,,,,,,,,,,,,,,,,,,,,,,,,,,,,,,,,,,,,
"Congo, Dem. Rep.",COD,,,,,,,,,,,,,,,,,,,,,,,,,,,,,,,,,,,,,,,,,,,,,,,46.43583333,47.00101833,43.15416667,65.4175,56.51833333,43.75340275,28.44666667,19.3660119,18.6925,19.37083333,19.04583333,20.62083333,24.74833333,26.73583333,25.95833333
"Congo, Rep.",COG,,,,,,,,,,,,,,,,,,,,,,,,,,,,,,,,,,,,,,,,,,,,,,,,,,,,,,,,,,,,,
Colombia,COL,,,,,,,,,,,,,,,,,,,,,,,,,,,40.22013652,40.48444027,42.04563823,42.39202389,44.569657,46.4206041,36.719343,35.276343,39.85733447,42.07600853,41.3618959,33.71022014,41.60485836,29.42580034,18.78666667,20.72,16.32679833,15.18710115,15.08305672,14.56083333,12.89391308,15.3818501,17.17562314,13.0080746,9.381489937,11.21991845,12.5850402,10.98558617,10.86733504,11.44998726,14.64543181,13.68583032,12.11487774,11.76906538,9.850524251
Comoros,COM,,,,,,,,,,,,,,,,,,,,,,,,,,,,,,,,,,,,,,,,13.66666667,12,12,12,11.83333333,11,11,10.5,10.5,10.5,10.5,10.5,10.5,10.5,10.5,10.5,10.5,10.5,10.5,10.5,10.5,8.09375
Cabo Verde,CPV,,,,,,,,,,,,,,,,,,,,,,,,,,,,,,,,,,,,,,,,,,,,,,,10.80415992,10.55104815,9.989013523,10.97664503,11.03989876,9.810803815,9.900358847,10.52009902,10.89375653,10.40582256,9.60664702,9.488122595,8.97292567,9.140834759,8.194514843
Costa Rica,CRI,,,,,,,,,,,,,,,,,,,,,,,25,23.25,18,20.91666667,21.79916667,23.82333333,28.68833333,29.16916667,32.55666667,38.87583333,28.46083333,30.02083333,33.02583333,36.695,26.27416667,22.47666667,22.47333333,25.737,24.88916667,23.83276944,26.41666667,25.58333333,23.42555556,24.65583333,22.18833333,12.79833333,15.8275,19.72333333,17.09083333,16.14583333,18.2125,15.18833333,14.90305556,14.23333333,11.63861111,11.36513889,11.12329088,8.74614961,6.638082376
Caribbean small states,CSS,,,,,,,,,,,,,,,,,,,,,,,,,,,,,,,,,,,,,,,,,,,,,,,,,,,,,,,,,,,,,
Cuba,CUB,,,,,,,,,,,,,,,,,,,,,,,,,,,,,,,,,,,,,,,,,,,,,,,,,,,,,,,,,,,,,
Curacao,CUW,,,,,,,,,,,,,,,,,,,,,,,,,,,,,,,,,,,,,,,,,,,,,,,,,,,,,,,,,,,,,
Cayman Islands,CYM,,,,,,,,,,,,,,,,,,,,,,,,,,,,,,,,,,,,,,,,,,,,,,,,,,,,,,,,,,,,,
Cyprus,CYP,,,,,,,,,,,,,,,,,,,,,,,,,,,,,,,,,,,,,,,,,,,,,,,,,,,,,,,,,,,,,
Czech Republic,CZE,,,,,,,,,,,,,,,,,,,,,,,,,,,,,,,,,,14.07083333,13.11833333,12.79916667,12.54416667,13.20416667,12.80716667,8.684166667,7.16225,7.196416667,6.724166667,5.949166667,6.0275,5.776666667,5.593666022,5.788379584,6.251708333,5.989958333,5.887833333,5.717833333,5.406723237,4.969893014,4.644905464,4.282533329,3.907246276,3.589743643,3.541615877,3.686032183,3.344307043
Germany,DEU,,,,,,,,,,,,,,,,,,,,,,,,,,,,,,,,,,,,,,,,,,,,,,,,,,,,,,,,,,,,,
Djibouti,DJI,,,,,,,,,,,,,,,,,,,,,,,,,,,,,,,,,,,,,,,,,,,,,,,,,,,,,,,,,,,,,
Dominica,DMA,,,,,,,,,,,,,,,,,,,,,,,10.1848908,10.45291424,11.21231399,10.76560825,10.98896112,11.25698456,11.25698456,11.25698456,11.25698456,11.21630148,11.52316985,11.92382454,11.61049132,11.50074364,11.43033253,11.17305971,11.27256005,11.39567307,11.68080053,11.1397495,10.97289572,11.50070494,8.941440932,9.918175905,9.502401222,9.168012472,9.064046388,10.01929406,9.455013989,8.840379655,9.042981869,9.073960019,8.936633142,8.668666667,8.2775,8.075,7.812219917,7.539960667,6.93634975
Denmark,DNK,,,,,,,,,,,,,,,,,,,,,,,,,,,,,,,,,,,,,,,,,,,,,,,,,,,,,,,,,,,,,
Dominican Republic,DOM,,,,,,,,,,,,,,,,,,,,,,,,,,,,,,,,35.26,28.34,29.89,28.68,30.6825,23.73416667,21.00666667,25.6425,25.045,26.79916667,24.26333333,26.055,31.39166667,32.63416667,24.10916667,19.475,15.82666667,19.945,18.13583333,12.13666667,15.55,15.4825,13.59140054,13.9025,14.87666667,15.08416667,15.41416667,,,
Algeria,DZA,,,,,,,,,,,,,,,,,,,,,,,,,,,,,,,,,,,,18.41666667,19,15.70833333,11.5,10.75,10,9.5,8.583333333,8.125,8,8,8,8,8,8,8,8,8,8,8,8,8,8,8,8,8
East Asia & Pacific (excluding high income),EAP,,,,,,,,,,,,,,,,,,,,,,,,,,,,,,,,,,,,,,,,,,,,,,,,,,,,,,,,,,,,,
Early-demographic dividend,EAR,,,,,,,,,,,,,,,,,,,,,,,,,,,,,,,,,,,,,,,,,,,,,,,,,,,,,,,,,,,,,
East Asia & Pacific,EAS,,,,,,,,,,,,,,,,,,,,,,,,,,,,,,,,,,,,,,,,,,,,,,,,,,,,,,,,,,,,,
Europe & Central Asia (excluding high income),ECA,,,,,,,,,,,,,,,,,,,,,,,,,,,,,,,,,,,,,,,,,,,,,,,,,,,,,,,,,,,,,
Europe & Central Asia,ECS,,,,,,,,,,,,,,,,,,,,,,,,,,,,,,,,,,,,,,,,,,,,,,,,,,,,,,,,,,,,,
Ecuador,ECU,,,,,,,,,,,,,,,,,,,,,,,,,,,,,,,,,,,,,,,,,,,,,,,,,,,,,,,,,,,,,
"Egypt, Arab Rep.",EGY,,,,,,,,,,,,,,,,,8,8.833333333,10.16666667,12,13.33333333,15,15,15,15,15,15,16.33333333,17,18.33333333,19,19.84666667,20.32833333,18.2975,16.5125,16.47083333,15.58333333,13.79166667,13.01666667,12.965,13.21583333,13.29166667,13.79166667,13.53333333,13.375,13.14166667,12.6,12.50833333,12.325,11.975,11.00833333,11.03333333,12,12.29166667,11.70833333,11.625,13.6,18.175,18.31666667,16.11666667,11.36666667
Euro area,EMU,,,,,,,,,,,,,,,,,,,,,,,,,,,,,,,,,,,,,,,,,,,,,,,,,,,,,,,,,,,,,
Eritrea,ERI,,,,,,,,,,,,,,,,,,,,,,,,,,,,,,,,,,,,,,,,,,,,,,,,,,,,,,,,,,,,,
Spain,ESP,,,,,,,,,,,,,,,,,,,,,,,,,,,,,,,,,,,,,,,,,,,,,,,,,,,,,,,,,,,,,
Estonia,EST,,,,,,,,,,,,,,,,,,,,,,,,,,,,,,,,,,,,,,,,,,,,,,,,,,,,,,,,,,,,,
Ethiopia,ETH,,,,,,,,,,,,,,,,,,,,,,,,,,8.5,7.25,6,6,6,6,6,8,14,14.33333333,15.08333333,13.91666667,10.5,10.5,10.58166667,10.89166667,10.86516667,8.661,7,7,7,7,7.5,8,,,,,,,,,,,,
European Union,EUU,,,,,,,,,,,,,,,,,,,,,,,,,,,,,,,,,,,,,,,,,,,,,,,,,,,,,,,,,,,,,
Fragile and conflict affected situations,FCS,,,,,,,,,,,,,,,,,,,,,,,,,,,,,,,,,,,,,,,,,,,,,,,,,,,,,,,,,,,,,
Finland,FIN,,,,,,,,,,,,,,,,,,,,,,,,,,,,,,,,,,,,,,,,,,,,,,,,,,,,,,,,,,,,,
Fiji,FJI,,,,,,,,,,,,,,,,,,,,,,,,,,,,,,,,,12.45,11.88916667,11.44166667,11.2375,11.13833333,11.02666667,9.636666667,8.765833333,8.3975,8.344575759,8.0525,7.602496948,7.169248741,6.779961,7.349962588,9.00558733,7.997269544,7.853416015,7.489647346,7.466058192,7.024848882,6.104725462,5.768872548,5.793600145,5.857225381,5.748453047,5.677326593,6.027456716,6.185335161
France,FRA,,,,,,,,,,,,,,,,,,,,,,,,,,,,,,,,,,,,,,,,,,,,,,,,,,,,,,,,,,,,,
Faroe Islands,FRO,,,,,,,,,,,,,,,,,,,,,,,,,,,,,,,,,,,,,,,,,,,,,,,,,,,,,,,,,,,,,
"Micronesia, Fed. Sts.",FSM,,,,,,,,,,,,,,,,,,,,,,,,,,,,,,,,,,,,15,15,15,15,15.165,15.33,15.33,15.275,15,15.375,16.375,15.615,14.02958333,14.37833333,15.38,15.13,14.35,14.32,15.7,15.7,15.7,15.7,16.1,15.7,,
Gabon,GAB,,,,,,,,,,,,,,,,,,,,,,,,,,,,,,,,,,,,,,,,,,,,,,,,,,,,,,,,,,,,,
United Kingdom,GBR,,,,,,,,5.5,6.125,6.625,7.25,7.5,7.5,8,9,10.46769167,11.10095,8.911866667,9.09315,13.69480833,16.31268333,13.255,11.93096667,9.825266667,9.6801,12.25298333,10.90135833,9.7355,10.09570833,13.84180833,14.76811667,11.69498333,9.563483333,6.013633333,5.462783333,6.693675,5.958533333,6.5634,7.23205,5.344408333,5.963891667,5.122375,4,3.695791667,4.379816667,4.648675,4.638258333,5.508708333,4.675308333,0.644866667,0.5,0.5,0.5,0.5,0.5,,,,,,
Georgia,GEO,,,,,,,,,,,,,,,,,,,,,,,,,,,,,,,,,,,,,,,,,,,,23.755375,22.087125,17.55089167,17.06025833,17.08611667,18.04413333,17.86631667,15.845075,14.99516667,14.80845,13.5948916,11.90971177,12.48847546,12.62091667,11.48538333,11.11939167,10.8164,11.8008
Ghana,GHA,,,,,,,,,,,,,,,,,,,,,,,,,,,,,,,,,,,,,,,,,,,,,,,,,,,,,,,,,,,,,
Gibraltar,GIB,,,,,,,,,,,,,,,,,,,,,,,,,,,,,,,,,,,,,,,,,,,,,,,,,,,,,,,,,,,,,
Guinea,GIN,,,,,,,,,,,,,,,,,,,,,,,,,,,14,15,15,17.25,21.16666667,24.5,27,24.5,22,21.5,21,20.5,19.5625,19.875,19.375,12.875,,,,,,,,,,,,,,,,,,,
"Gambia, The",GMB,,,,,,,,,,,,,,,,,,,,,,,,,,14.48333333,28,27.91666667,29.54166667,26.83333333,26.5,26.5,26.75,26.08333333,25,25.04166667,25.5,25.5,25.375,24,24,24,24,29.33333333,36.5,34.91666667,29.75,27.91666667,27,27,27,28,28,28,28.5,,,29,28,28,28
Guinea-Bissau,GNB,,,,,,,,,,,,,,,,,,,,,,,,,,,,,,,,,,,,,,,,,,,,,,10.36708333,4.736666667,4.751666667,4.984166667,4.9775,5.113333333,5.255916667,5.039166667,5.2875,5.338333333,5.154166667,5.295,5.14,,,
Equatorial Guinea,GNQ,,,,,,,,,,,,,,,,,,,,,,,,,,,,,,,,,,,,,,,,,,,,,,,,,,,,,,,,,,,,,
Greece,GRC,,,,,,,,,,,,,,,,,,,,,,,,,,,,,,,,,,,,,,,,,,,,,,,,,,,,,,,,,,,,,
Grenada,GRD,,,,,,,,,,,,,,,,,,,,,,,12.32547809,12.32547809,12.32547809,13.40151189,13.49933315,13.30369064,12.32547809,12.32547809,12.32547809,12.30199647,12.023176,11.8323784,11.02805327,11.07534586,9.991983755,11.23597899,11.73247743,11.62117323,11.59919756,10.18672119,11.30922858,12.04821516,10.18484238,10.06507926,9.852301654,9.755943172,9.52898493,10.99305348,10.57501309,10.68597901,9.725900007,9.270206825,9.185980402,8.962583333,8.635,8.3125,7.835705,7.571027917,6.846893417
Greenland,GRL,,,,,,,,,,,,,,,,,,,,,,,,,,,,,,,,,,,,,,,,,,,,,,,,,,,,,,,,,,,,,
Guatemala,GTM,,,,,,,,,,,,,,,,,,,,,,,,,,,,,,,,,,,,,,18.6375,16.56416667,19.51166667,20.88166667,18.9575,16.86416667,14.97833333,13.81083333,13.03333333,12.7625,12.83666667,13.39166667,13.84916667,13.34166667,13.43,13.48666667,13.5975,13.77333333,13.2275,13.10166667,13.05416667,12.92333333,12.74083333,12.52583333
Guam,GUM,,,,,,,,,,,,,,,,,,,,,,,,,,,,,,,,,,,,,,,,,,,,,,,,,,,,,,,,,,,,,
Guyana,GUY,,,,,,,,,,,,,,,,,,,,,,13.5,14.375,15,15,15,15,15,15.06916667,18.9375,32.75,33.55,28.6875,19.3625,18.36083333,19.22,17.79333333,17.04416667,16.7675,17.10833333,17.30166667,17.0075,16.325,14.99190476,14.54166667,14.54083333,14.54097222,14.61083333,14.5825,14.54140833,14.5417,14.45140278,13.86111111,13.5,12.83333333,12.83333056,13,13,13,10.47916667,9.465277778
High income,HIC,,,,,,,,,,,,,,,,,,,,,,,,,,,,,,,,,,,,,,,,,,,,,,,,,,,,,,,,,,,,,
"Hong Kong SAR, China",HKG,,,,,,,,,,,,,,,,,,,,,,,,,,,,,,,10,9.416666667,7.333333333,6.5,7.375,8.895833333,8.520833333,8.895833333,9.895833333,8.5,9.270833333,6.84375,5.104166667,5,5.020833333,6.208333333,7.916666667,7.5625,5.3125,5,5,5,5,5,5,5,5,5,5.041666667,5.104166667,5
Honduras,HND,,,,,,,,,,,,,,,,,,,,,,,16.5,16.1,16.2,16.3,16.11666667,15.54166667,15.375,15.425,17.05,21.875,21.68333333,22.05833333,24.675,26.95,29.74166667,32.06666667,30.6925,30.1525,26.82416667,23.76416667,22.69142781,20.80413361,19.87640018,18.83108333,17.43666667,16.605,17.93666667,19.445,18.86466417,18.55753167,18.45069917,20.08086667,20.61221833,20.65756667,19.33193917,19.25869333,17.80416667,17.33916667,17.00916667
Heavily indebted poor countries (HIPC),HPC,,,,,,,,,,,,,,,,,,,,,,,,,,,,,,,,,,,,,,,,,,,,,,,,,,,,,,,,,,,,,
Croatia,HRV,,,,,,,,,,,,,,,,,,,,,,,,,,,,,,,,,,1443.608358,22.91085833,20.24333333,22.515,15.4675,15.7525,14.94416667,12.07333333,9.549166667,12.84,11.57666667,11.74523333,11.19111667,9.933333333,9.330833333,10.06916667,11.55416667,10.37666667,9.684166667,9.480833333,9.246666667,8.58,,,,,,
Haiti,HTI,,,,,,,,,,,,,,,,,,,,,,,,,,,,,,,,,,,10.5,12.99375,20.08125,14.2625,15.75,15.09375,16.49375,17.85,17.9375,23.209375,25.2,23.2,26.36666667,23.08333333,17.81083333,17.32916667,17.48166667,11.61,8.934166667,8.7225,10.77333333,12.92333333,13.2325,12.74916667,13.1025,14.12166667,
Hungary,HUN,,,,,,,,,,,,,,,,,,,,,,,,,,,,,17.73333333,20.33333333,28.775,35.15261664,33.05,25.425,27.4,32.60833333,27.30833333,21.76666667,19.275,16.34166667,12.6,12.11666667,10.1688765,9.603423915,12.82452602,8.540945327,8.079414988,9.085947496,10.18166774,11.03686222,7.586925113,8.320381666,9.001544511,6.303912354,4.447534327,2.90249069,2.089071112,1.481143422,1.470967593,1.792433788,1.952404445
IBRD only,IBD,,,,,,,,,,,,,,,,,,,,,,,,,,,,,,,,,,,,,,,,,,,,,,,,,,,,,,,,,,,,,
IDA & IBRD total,IBT,,,,,,,,,,,,,,,,,,,,,,,,,,,,,,,,,,,,,,,,,,,,,,,,,,,,,,,,,,,,,
IDA total,IDA,,,,,,,,,,,,,,,,,,,,,,,,,,,,,,,,,,,,,,,,,,,,,,,,,,,,,,,,,,,,,
IDA blend,IDB,,,,,,,,,,,,,,,,,,,,,,,,,,,,,,,,,,,,,,,,,,,,,,,,,,,,,,,,,,,,,
Indonesia,IDN,,,,,,,,,,,,,,,,,,,,,,,,,,,21.50416667,21.66666667,22.0975,21.69916667,20.825,25.53333333,24.03333333,20.58666667,17.76,18.85166667,19.2175,21.8175,32.15416667,27.6625,18.455,18.5475,18.945,16.935,14.12416667,14.05083333,15.97916667,13.86166667,13.59833333,14.49833333,13.25166667,12.40333333,11.795,11.6575,12.605,12.6625,11.88833333,11.07333333,10.53666667,10.36583333,9.544166667
IDA only,IDX,,,,,,,,,,,,,,,,,,,,,,,,,,,,,,,,,,,,,,,,,,,,,,,,,,,,,,,,,,,,,
Isle of Man,IMN,,,,,,,,,,,,,,,,,,,,,,,,,,,,,,,,,,,,,,,,,,,,,,,,,,,,,,,,,,,,,
India,IND,,,,,,,,,,,,,,,,,,,13.5,14.5,16.5,16.5,16.5,16.5,16.5,16.5,16.5,16.5,16.5,16.5,16.5,17.875,18.91666667,16.25,14.75,15.45833333,15.95833333,13.83333333,13.54166667,12.54166667,12.29166667,12.08333333,11.91666667,11.45833333,10.91666667,10.75,11.1875,13.02083333,13.3125,12.1875,8.33335,10.16666667,10.60416667,10.29166667,10.25,10.00833333,9.6725,9.508333333,9.454166667,9.46625,9.15
Not classified,INX,,,,,,,,,,,,,,,,,,,,,,,,,,,,,,,,,,,,,,,,,,,,,,,,,,,,,,,,,,,,,
Ireland,IRL,,,,,,,,,,,,,,,,,,,,,,,,,,,,,,,,,,,,,,,,,,,,,,,,,,,,,,,,,,,,,
"Iran, Islamic Rep.",IRN,,,,,,,,,,,,,,,,,,,,,,,,,,,,,,,,,,,,,,,,,,,,,16.65,16,14,12,12,12,12,11,11,11,14,14.21,18,,,,
Iraq,IRQ,,,,,,,,,,,,,,,,,,,,,,,,,,,,,,,,,,,,,,,,,,,15,15,13.2675,13.41666667,14.375,18.78333333,19.215,16.15583333,14.34583333,14.13083333,13.8675,13.575,12.60333333,12.2925,12.36406863,,,,
Iceland,ISL,,,,,,,,,,,,,,,,,,,,,,,47,42.75,22.83333333,32.6,18.775,26.60833333,30.275,27.96666667,16.18333333,17.51666667,13.05,14.10833333,10.56666667,11.58333333,12.43333333,12.89166667,12.78333333,13.3,16.8,17.95,15.36666667,11.95,12.01666667,14.77752866,17.90897982,19.29081428,20.14617478,18.98765872,10.2570287,7.698072473,8.324338772,8.151666667,7.7425,7.61,8.236666667,7.255833333,6.955,6.95,5.758712412
Israel,ISR,,,,,,,,,,,,,,,,,,,,,,,,,,,,,,,,,,,,,,,,,,,,,,,,,,,,,,4.417697188,3.907431642,3.4594058,3.420155744,3.497310301,3.477606495,3.533558627,3.398918808
Italy,ITA,,,,,,,,,,,,,,,,,,,,,,,,,,,,,,15.00258333,14.85225,14.66641667,16.52391667,14.62783333,11.98383333,13.236,12.81833333,10.50948333,8.643108333,6.345525,7.022741667,7.28775,6.536508333,5.83035,5.506166667,5.313935,5.621779167,6.3347,6.83731,4.756666667,4.031666667,4.599166667,5.2225,5.144166667,4.866666667,4.12925,3.496166667,3.000833333,2.68,2.6025,2.328333333
Jamaica,JAM,,,,,,,,,,,,,,,,,13.75583333,13.855,13.68416667,13.81333333,15.63333333,16.06833333,16.43833333,16.96916667,18.53416667,24.91583333,27.34,25.44666667,25.19083333,25.2175,30.50083333,31.50916667,44.8125,43.71166667,49.4575,43.57666667,39.83416667,32.86416667,31.5875,27.005,23.34833333,20.6075,18.50166667,18.88666667,18.1375,17.36083333,17.6425,17.1975,16.82583333,16.4320116,20.4544536,19.50927929,17.62827224,17.71645756,17.21700864,16.97650582,16.48852712,14.90512194,14.09407373,12.99845527,12.06137876
Jordan,JOR,,,,,,,,,,,,,,,,,,,,,,,,,,,,,,,,,,,,,,12.34,12.60916667,12.32583333,11.79916667,10.93583333,10.17916667,9.296666667,8.256666667,7.606666667,8.178333333,8.676666667,9.0275,9.246666667,9.024166667,8.713333333,8.780833333,9.01,8.99,8.476666667,8.115,8.393333333,8.661666667,8.665,7.480833333
Japan,JPN,,,,,,,,,,,,,,,,,,,,,,,,,,,,,,,,,,4.863555556,4.133416667,3.505833333,2.657583333,2.448833333,2.320916667,2.160833333,2.067166667,1.969416667,1.864916667,1.822083333,1.766583333,1.676916667,1.664833333,1.88325,1.9095,1.723333333,1.598333333,1.500916667,1.4075,1.30375,1.219166667,1.142833333,1.04475,0.994,,,
Kazakhstan,KAZ,,,,,,,,,,,,,,,,,,,,,,,,,,,,,,,,,,,,,,,,,,,,,,,,,,,,,,,,,,,,,
Kenya,KEN,,,,,,,,,,,,9,9,9,9.5,10,10,10,10,10,10.58333333,12.41666667,14.5,15.83333333,14.41666667,14,14,14,15,17.25,18.75,18.9975,21.0675,29.98916667,36.24,28.79583333,33.78666667,30.245,29.49,22.38,22.33916667,19.66583333,18.45333333,16.57333333,12.53166667,12.8825,13.63553391,13.34034368,14.01693938,14.80454124,14.3715,15.04675999,19.72340665,17.31345769,16.51393071,16.08661379,16.55963065,13.66757252,13.06075884,12.44113289,11.99578462
Kyrgyz Republic,KGZ,,,,,,,,,,,,,,,,,,,,,,,,,,,,,,,,,,,,,62.57592476,63.23136886,56.93365726,59.01143156,56.4730303,40.09188088,35.8884535,24.05083595,23.3423898,21.49882257,23.07221143,23.21857393,25.90583333,26.65299609,23.71996924,23.77891124,22.99633409,21.32431111,20.13352178,23.63011258,24.53186808,19.81918605,19.51318201,18.99675367,17.03576593
Cambodia,KHM,,,,,,,,,,,,,,,,,,,,,,,,,,,,,,,,,,,,,,,,,,,,,,,,,,,,,,,,,,,,,
Kiribati,KIR,,,,,,,,,,,,,,,,,,,,,,,,,,,,,,,,,,,,,,,,,,,,,,,,,,,,,,,,,,,,,
St. Kitts and Nevis,KNA,,,,,,,,,,,,,,,,,,,,,8.0612958,8.535489671,8.535489671,8.535489671,9.483877412,10.98549134,11.38065289,11.38065289,10.98549134,11.38065289,11.38065289,11.29837179,10.76392785,10.27930029,10.94382387,10.89117511,10.92491209,11.16485255,11.42199003,11.2084936,11.10372304,11.07636675,10.89311858,12.21640644,10.2524674,10.0349577,9.300752817,9.278149524,8.702346054,8.752311613,8.61681004,9.445087914,8.733988854,8.776353612,9.281492191,9.296916667,9.23,9.0925,8.857920167,8.523423083,7.690113167
"Korea, Rep.",KOR,,,,,,,,,,,,,,,,,,,,,,,,,,,,,,,,,,,,,11.065,11.87666667,15.27916667,9.395833333,8.545,7.708333333,6.769166667,6.236666667,5.904166667,5.593333333,5.9875,6.551666667,7.168333333,5.649166667,5.511666667,5.7575,5.395833333,4.643333333,4.263333333,3.533333333,3.3675,3.476666667,3.6625,3.445833333,2.801666667
Kuwait,KWT,,,,,,,,,,,,,,,,,,,,5.855555555,6.799999999,9.2775,9.388333333,8.351666667,8.5775,8.7475,8.628333333,7.861666667,6.724166667,8.375833333,8.685555556,8.6125,7.995,7.953333333,7.608333333,8.369166667,8.770833333,8.796666667,8.933333333,8.561666667,8.866666667,7.884275,6.482208333,5.416858333,5.636633333,7.498258333,8.57895,8.536283333,7.612991667,6.157775,5.421658333,5.193091667,4.983791667,4.561308333,4.26845,4.2949,4.476583333,4.694933333,4.827,4.8111,4.139908333
Latin America & Caribbean (excluding high income),LAC,,,,,,,,,,,,,,,,,,,,,,,,,,,,,,,,,,,,,,,,,,,,,,,,,,,,,,,,,,,,,
Lao PDR,LAO,,,,,,,,,,,,,,,,,,,,,,,,,,,,,,,,26,26,25.33,24,25.67,27,,29.27833333,32,32,26.16666667,29.33333333,30.5,29.25,26.83333333,30,28.5,24,24.775,22.6125,,,,,,,,,,
Lebanon,LBN,,,,,,,,,,,,,,,,,,,,,,,16.83333333,14.52666667,15.58416667,17.28666667,22.2125,36.53833333,44.45666667,39.86166667,39.9425,38.01083333,40.20583333,28.52833333,23.88416667,24.69083333,25.20833333,20.29,,19.47833333,18.15083333,17.18916667,16.5825,13.43166667,10.80833333,10.64,10.26,10.25583333,9.964166667,9.568333333,8.336666667,7.5275,7.249166667,7.348333333,7.274166667,7.090833333,8.350833333,8.293333333,9.095,10.51333333,
Liberia,LBR,,,,,,,,,,,,,,,,,,,,,,15.33333333,18.225,20.69166667,20.625,19.34166667,14.45,13.63333333,13.35833333,13.81666667,,14.03333333,15.05,,14.525,15.56666667,15.3,16.825,21.73833333,16.71916667,20.52666667,22.14,20.205,17.05666667,18.0952325,17.03333333,15.5025,15.04615123,14.39802886,14.18666667,14.2425,13.75083333,13.51833333,13.48939298,13.50166667,13.60666667,13.59,13.25018519,,,
Libya,LBY,,,,,7,7,7,7,7,7,7,7,7,7,7,7,7,7,7,7,7,7,7,7,7,7,7,7,7,7,7,7,7,7,,,,,,7,7,7,7,7,6.083333333,6.125,6.333333333,6,6,6,6,6,6,6,6,,,,,,
St. Lucia,LCA,,,,,,,,,,,,,,,,,,,,,,13.7040706,13.7040706,13.7040706,14.05545702,14.75822987,14.75822987,12.21067829,10.9808258,10.54159277,11.28828892,11.90597439,12.81044993,11.81406269,11.05966183,12.68274848,12.82145618,12.68177213,11.40382054,12.79147688,13.06295749,12.97286829,12.58749725,14.99724221,11.07078162,10.60530455,10.78399508,10.1219068,10.08493104,10.58201112,10.61653886,10.00205043,9.50031902,9.075214298,8.997742389,8.855416667,8.4725,8.34,8.110115917,7.722479833,7.151826083
Latin America & Caribbean,LCN,,,,,,,,,,,,,,,,,,,,,,,,,,,,,,,,,,,,,,,,,,,,,,,,,,,,,,,,,,,,,
Least developed countries: UN classification,LDC,,,,,,,,,,,,,,,,,,,,,,,,,,,,,,,,,,,,,,,,,,,,,,,,,,,,,,,,,,,,,
Low income,LIC,,,,,,,,,,,,,,,,,,,,,,,,,,,,,,,,,,,,,,,,,,,,,,,,,,,,,,,,,,,,,
Liechtenstein,LIE,,,,,,,,,,,,,,,,,,,,,,,,,,,,,,,,,,,,,,,,,,,,,,,,,,,,,,,,,,,,,
Sri Lanka,LKA,,,,,,,,,,,,,,,,,,,,,,,,,,,,,,,,,,,,,,,,,,14.25,13.1675,10.34583333,9.466666667,10.76416667,12.85,17.07666667,18.89166667,15.67166667,10.2175,9.41175,13.28233333,12.45333333,7.8375,6.9575,10.49333333,11.57,11.55416667,11.24416667,
Lower middle income,LMC,,,,,,,,,,,,,,,,,,,,,,,,,,,,,,,,,,,,,,,,,,,,,,,,,,,,,,,,,,,,,
Low & middle income,LMY,,,,,,,,,,,,,,,,,,,,,,,,,,,,,,,,,,,,,,,,,,,,,,,,,,,,,,,,,,,,,
Lesotho,LSO,,,,,,,,,,,,,,,,,,,,,11,15,17,15.41666667,17.58333333,19.66666667,13.41666667,11.125,13.66666667,18.75,20.41666667,20,18.25,15.83333333,14.25,16.375,17.70833333,18.03333333,20.0625,19.0625,17.11166667,16.55416667,17.11,16.015,12.375,11.71666667,12.16083333,14.13166667,16.18694444,13,11.2225,10.42916667,10.11916667,9.92,10.33944444,10.57,11.57583333,11.58083333,11.35416667,11.33358333,8.975555556
Late-demographic dividend,LTE,,,,,,,,,,,,,,,,,,,,,,,,,,,,,,,,,,,,,,,,,,,,,,,,,,,,,,,,,,,,,
Lithuania,LTU,,,,,,,,,,,,,,,,,,,,,,,,,,,,,,,,,,,,,,,,,,,,,,,,,,,,,,,,,,,,,
Luxembourg,LUX,,,,,,,,,,,,,,,,,,,,,,,,,,,,,,,,,,,,,,,,,,,,,,,,,,,,,,,,,,,,,
Latvia,LVA,,,,,,,,,,,,,,,,,,,,,,,,,,,,,,,,,,,,,,,,,,,,,,,,,,,,,,,,,,,,,
"Macao SAR, China",MAC,,,,,,,,,,,,,,,,,,,,,,,,,,,6.5,6.625,8.0625,10.54166667,10.41666667,9.416666667,7.25,6.5,7.953358333,9.901866667,9.557083333,9.7267,10.973125,9.45675,9.890125,7.988566667,6.107862903,6,6.012096774,7.047715054,8.759436358,7.80848393,5.426666667,5.25,5.25,5.25,5.25,5.25,5.25,5.25,5.25,5.25,5.291466611,5.356647405,5.261097353
St. Martin (French part),MAF,,,,,,,,,,,,,,,,,,,,,,,,,,,,,,,,,,,,,,,,,,,,,,,,,,,,,,,,,,,,,
Morocco,MAR,,,,,,,,,,,,,,,,,,,,,,,,,,,,,,,,,,,,,,,,,,,,,,,,,,,,,,,,,,,,,
Monaco,MCO,,,,,,,,,,,,,,,,,,,,,,,,,,,,,,,,,,,,,,,,,,,,,,,,,,,,,,,,,,,,,
Moldova,MDA,,,,,,,,,,,,,,,,,,,,,,,,,,,,,,,,,,,,40.775,36.66666667,33.325,30.825,35.535,33.77666667,28.69416667,23.52166667,19.28916667,20.93833333,19.26083333,18.12833333,18.825,21.06416667,20.54416667,16.36,14.43804379,13.41815434,12.29416667,11.0125,14.14924417,14.2760253,10.36270603,8.8475,8.25,8.18
Madagascar,MDG,,,,,,,,,,,,,,,,,,,,,,,,,,,,,,22.25,25.8,25.475,25,25.65,28.27777778,34.75416667,35.5,30.33333333,27,27.25,26.875,25.5,25.25,24.25,24.5625,25.875,28.15,40.275,44,44.61916667,46,52.5,56.125,58.98,60,56.71666667,60,60,55.38958333,49,48.86666667
Maldives,MDV,,,,,,,,,,,,,,,,,,,,,,,,,,,,,,,,,,,,10.98814286,10.98814286,10.98814286,10.98814286,9.156785714,9.523057143,9.523057143,9.91985119,10.2556,10.2556,10.2556,10.2556,10.2556,10.2556,10.2556,10.37605,10.19722195,10.4838045,11.14190737,11.41744656,11.10124634,10.76475114,10.15366368,10.67672289,11.5226362,11.60023061
Middle East & North Africa,MEA,,,,,,,,,,,,,,,,,,,,,,,,,,,,,,,,,,,,,,,,,,,,,,,,,,,,,,,,,,,,,
Mexico,MEX,,,,,,,,,,,,,,,,,,,,,,,,,,,,,,,,,,18.225,19.3,59.43166667,36.38583333,22.14,26.35833333,23.7425,16.92833333,12.795,8.210833333,7.0225,7.438333333,9.695,7.511834781,7.560833333,8.705767857,7.065,5.280833333,4.910833333,4.680833333,4.270833333,3.551666667,3.439166667,4.754166667,7.3325,8.04,8.429166667,6.341666667
Marshall Islands,MHL,,,,,,,,,,,,,,,,,,,,,,,,,,,,,,,,,,,,,,,,,,,,,,,,,,,,,,,,,,,,,
Middle income,MIC,,,,,,,,,,,,,,,,,,,,,,,,,,,,,,,,,,,,,,,,,,,,,,,,,,,,,,,,,,,,,
North Macedonia,MKD,,,,,,,,,,,,,,,,,,,,,,,,,,,,,,,,,,,,,,,,,,,,,,12.51676317,11.55661911,10.50220747,10.2320821,11.1698082,10.69583841,9.600344552,9.068311658,8.486326926,7.765153065,7.456277059,7.017597772,6.606657106,6.10691834,5.609363829,5.193220791
Mali,MLI,,,,,,,,,,,,,,,,,,,,,,,,,,,,,,,,,,,,,,,,,,,,,,8.679166667,4.736666667,4.751666667,4.984166667,4.9775,5.113333333,5.255916667,5.039166667,5.2875,5.338333333,5.154166667,5.295,5.14,,,
Malta,MLT,,,,,,,,,,,,,,,,,,,,,,,,,,,,,,,,,,,,7.3775,7.766666667,7.991666667,8.085,7.699166667,7.275833333,6.898333333,6.038333333,5.85,5.324166667,5.508333333,5.654166667,6.238333333,5.888333333,4.470833333,4.6,4.745833333,4.7025,4.705,,,,,,,
Myanmar,MMR,,,,,,,,,,,,,,,,,,,,,,,,,,,,,,,,,,,20.30769231,20.30769231,20.30769231,20.30769231,20.30769231,19.84615385,18.76923077,18.46153846,18.46153846,18.46153846,18.46153846,18.46153846,19.79487179,20.92307692,20.92307692,20.92307692,20.92307692,20.1025641,16,16,16,16,16,16,16,16,14.83333333
Middle East & North Africa (excluding high income),MNA,,,,,,,,,,,,,,,,,,,,,,,,,,,,,,,,,,,,,,,,,,,,,,,,,,,,,,,,,,,,,
Montenegro,MNE,,,,,,,,,,,,,,,,,,,,,,,,,,,,,,,,,,,,,,,,,,,,,,12.41333333,11.15416667,9.2025,9.238333333,9.359166667,9.53,9.686666667,9.5625,9.39,9.4125,8.933333333,7.971666667,7.196666667,6.529166667,6.175,5.906666667
Mongolia,MNG,,,,,,,,,,,,,,,,,,,,,,,,,,,,,,,,,,,,,,,48.0625,44.00833333,36.95269295,37.35,35.51666667,31.90666667,31.47333333,30.57083333,26.93454961,21.82833333,20.58333333,21.66696335,20.06878016,16.60943645,18.11381443,18.48202279,19.02543062,19.56271702,19.74153511,20.00692223,17.71426989,16.99662335,16.9306267
Northern Mariana Islands,MNP,,,,,,,,,,,,,,,,,,,,,,,,,,,,,,,,,,,,,,,,,,,,,,,,,,,,,,,,,,,,,
Mozambique,MOZ,,,,,,,,,,,,,,,,,,,,,,,,,,,,,,,,,,,,,,29.96666667,24.3525,19.63,19.03916667,22.72916667,26.70833333,24.69,22.075,19.46716667,18.56133333,19.51733333,18.31,15.67566667,16.26266667,19.09960595,16.81354167,15.32060185,14.79791667,14.8665,21.17600328,27.85612089,22.98333333,18.95833333,17.075
Mauritania,MRT,,,,,,,,,,,,,,,,,,,,,12,12,12,12,12,12,12,12,12,10,10,10,15.83333333,17.58333333,18.16666667,20.33333333,22,22,25.5,28,25.58333333,22.5,21,21,21,23.08333333,24,23.5,20.33333333,19.5,17,17,17,17,17,17,17,17,,,
Mauritius,MUS,,,,,,,,,,,,,,,,,,,,,11.75,12.1875,13.375,15.08333333,13.25,13.83333333,14.33333333,14.125,14.95833333,16.125,18,17.75,17.125,16.58333333,18.91666667,20.8125,20.8125,18.91666667,19.91666667,21.625,20.77083333,21.10416667,21,21,21,21.04166667,21.08333333,21.87416667,11.54166667,9.25,8.875,8.916666667,8.666666667,8.5,8.5,8.5,8.5,8.5,8.5,8.45,7.225
Malawi,MWI,,,,,,,,,,,,,,,,,,,,16.5,16.66666667,18.5,18.5,18.33333333,16.5,18.375,19,19.5,22.25,23,21,20,22,29.5,31,47.33333333,45.33333333,28.25,37.66666667,53.58333333,53.125,56.16666667,50.54166667,48.91666667,36.83333333,33.08333333,32.25,27.71527778,25.27777778,25.25,24.625,23.75,32.32986111,46.01117424,44.28958333,44.38721591,44.11208333,38.59291667,32.29,25.67430556,
Malaysia,MYS,,,,,,,,,,9.14,9.2,9.19,8.87,9.86,11.23,10.25,10.03,9.47,9.34,9.43,10.13,11.89,12.395,11.775,12.21,12.5525,12.23833333,10.3625,9.3,8.895833333,8.785833333,9.3475,10.16166667,10.03083333,8.764166667,8.73,9.943333333,10.62833333,12.13416667,8.563333333,7.673333333,7.126666667,6.528333333,6.300833333,6.045833333,5.9525,6.485833333,6.409166667,6.08,5.084166667,5,4.915,4.785833333,4.6498,4.587025,4.565375,4.531066667,4.608078086,4.928440385,4.876892949,3.944207692
North America,NAC,,,,,,,,,,,,,,,,,,,,,,,,,,,,,,,,,,,,,,,,,,,,,,,,,,,,,,,,,,,,,
Namibia,NAM,,,,,,,,,,,,,,,,,,,,,,,,,,,,,,,,23.36333333,20.2125,18.02083333,17.05333333,18.50833333,19.16,20.17916667,20.71916667,18.48416667,15.27833333,14.53166667,13.8375,14.70083333,11.38916667,10.61,11.18083333,12.88416667,13.73666667,11.11833333,9.72,8.73,8.651875,8.289166667,8.699166667,9.324166667,9.844432593,10.02675311,10.142176,9.875833333,7.722585337
New Caledonia,NCL,,,,,,,,,,,,,,,,,,,,,,,,,,,,,,,,,,,,,,,,,,,,,,,,,,,,,,,,,,,,,
Niger,NER,,,,,,,,,,,,,,,,,,,,,,,,,,,,,,,,,,,,,,,,,,,,,,10.79416667,4.736666667,4.751666667,4.984166667,4.9775,5.113333333,5.255916667,5.039166667,5.2875,5.338333333,5.154166667,5.295,5.14,,,
Nigeria,NGA,,,,,,,,,,,7,7,7,7,7,6.25,6.5,6,6.75,8.149999999,8.431666666,8.916666667,9.5375,9.976666666,10.24166667,9.433333333,9.959166667,13.96166667,16.61666667,20.44166667,25.3,20.04166667,24.75833333,31.65,20.48333333,20.23333333,19.83666667,17.795,18.18416667,20.29,21.27416667,23.43833333,24.77083333,20.71416667,19.18083333,17.94833333,16.89333333,16.93916667,15.13583333,18.99083333,17.585,16.02,16.79166667,16.7225,16.54833333,16.84916667,16.86801576,17.55333333,16.90389696,15.37658698,13.64202167
Nicaragua,NIC,,,,,,,,,,,,,,,,,,,,,,,,,,,,,99764.53295,456.6601821,18.00420065,14.6625119,15.80959771,16.55158901,16.48134535,16.27743414,16.95327364,17.20014942,17.69985465,17.57416667,18.143253,18.55305215,18.2951854,15.54921902,13.49143645,12.10136045,11.57579373,13.04146496,13.16935036,14.04467463,13.31996686,10.53783509,11.99430816,14.98460189,13.53794136,12.05235462,11.43829745,10.78060443,10.89578545,12.45726008,11.17539903
Netherlands,NLD,,,,,,,,,,,,,,,,,,,,,,,,,,,,,,,,,,,,,,,,3.458333333,4.791666667,5,3.958333333,3,2.75,2.770833333,3.541666667,4.604166667,4.604166667,1.983333333,1.75,2,1.625,1.5,,,,,,,
Norway,NOR,,,,,,,,,,,,,,,,,,,,,,,,,,,,,,,,,,,,,,,,,,,,,,,,,,,,,,4.35,4.211666667,3.5,3.07,3.005833333,2.925833333,3.235833333,2.6975
Nepal,NPL,,,,,,,,,,,,,,,,,,,,,,,,,,,,,,,,,,,,,,,,,,,,,,,,,,,,,,,,,,,,,
Nauru,NRU,,,,,,,,,,,,,,,,,,,,,,,,,,,,,,,,,,,,,,,,,,,,,,,,,,,,,,,,,,,,,
New Zealand,NZL,,,,,,,,,,,,,,,,,,,,,,,,,,,,,,,,,,,,,,,8.9925006,7.052005663,7.81455132,7.595094659,7.175853507,6.996775601,7.102148017,7.762560162,8.192156146,8.612206614,8.938532681,6.656759796,6.255454248,6.108832515,5.82383752,5.5330696,5.804166667,5.7625,5.020833333,4.76,0,,
OECD members,OED,,,,,,,,,,,,,,,,,,,,,,,,,,,,,,,,,,,,,,,,,,,,,,,,,,,,,,,,,,,,,
Oman,OMN,,,,,,,,,,,,,,,,,,,,,,,,,10.348,10.236,9.9165,9.30025,9.35,9.85225,9.85375,9.56875,9.362,8.89,8.383,9.28175,9.30075,9.18025,9.7375,10.53020833,10.14158333,9.592583333,8.824666667,8.393083333,7.93975,7.283583333,7.292666667,7.368833333,6.828333333,7.32325,7.14125,6.521333333,5.901,5.5155,5.225083333,4.8785,4.911083333,5.152662717,5.246384502,5.413343513,5.466499205
Other small states,OSS,,,,,,,,,,,,,,,,,,,,,,,,,,,,,,,,,,,,,,,,,,,,,,,,,,,,,,,,,,,,,
Pakistan,PAK,,,,,,,,,,,,,,,,,,,,,,,,,,,,,,,,,,,,,,,,,,,,,7.2575,9.071666667,10.9875,11.76833333,12.93583333,14.5375,14.0425,14.41916667,13.51916667,11.98583333,11.73,10.15583333,8.755,8.21,8.530833333,12.2330548,10.75774943
Panama,PAN,,,,,,,,,,,,,,,,,,,,,,,,,,,,,,,,,,,,,10.99033898,10.99120056,11.1850565,10.39067797,10.47916667,10.97166667,10.5825,9.925833333,8.823333333,8.665,8.6825,8.793333333,7.905833333,7.626666667,7.310833333,7.518333333,7.724166667,7.403333333,6.935,6.495,6.598797873,6.766060566,6.882799663,7.09,7.008333333
Peru,PER,,,,,,,,,,,,,,,,,,,,,,,,,,61.37387827,36.15314912,31.88760304,155.4977503,1352.508402,4260.014159,670.5342083,148.1427309,94.23833333,55.3475,36.155,31.53333333,30.91166667,32.62666667,35.05666667,29.99583333,24.97833333,20.76535729,21.01566497,24.67456406,25.53383577,23.93333333,22.85564806,23.6734449,21.04192333,18.97686833,18.677925,19.23690833,18.13925,15.74331667,16.10582778,16.4662,16.78749167,14.539125,14.38545,12.93833333
Philippines,PHL,,,,,,,,,,,,,,,,,12,12,12,14,14,15.33508333,18.12,19.23791667,28.19516667,28.61166667,17.53375,13.33791667,15.92133333,19.26966667,24.11808333,23.07358333,19.47908333,14.68275,15.05683333,14.68216667,14.83975,16.27575,16.77741667,11.77625,10.90725,12.40158333,9.1385,9.471666667,10.079,10.18491667,9.778666667,8.691416667,8.751083333,8.566166667,7.672666667,6.66325,5.6795,5.766833333,5.525916667,5.57825,5.642,5.62725,6.1185,7.095833333,
Palau,PLW,,,,,,,,,,,,,,,,,,,,,,,,,,,,,,,,,,,,,,,,,,,,,,,,,,,,,,,,,,,,,
Papua New Guinea,PNG,,,,,,,,,,,,,,,,,,,,,,,,11.58333333,10.63916667,11.54166667,12.33333333,11.94166667,12.68083333,14.62333333,15.51916667,14.16833333,14.53416667,11.2875,9.16,13.14083333,13.30333333,10.44916667,17.70416667,18.89583333,17.5425,16.2075,13.88916667,13.35583333,13.25083333,11.46916667,10.56666667,9.7775,9.196666667,10.09416667,10.44583333,10.80833333,10.815,10.13,9.375833333,8.7325,8.374666667,8.388333333,9.075,8.650833333,
Poland,POL,,,,,,,,,,,,,,,,,,,,,,,,,,,,,,,,,,,,,,,,,,,,,,,,,,,,,,,,,,,,,
Pre-demographic dividend,PRE,,,,,,,,,,,,,,,,,,,,,,,,,,,,,,,,,,,,,,,,,,,,,,,,,,,,,,,,,,,,,
Puerto Rico,PRI,,,,,,,,,,,,,,,,,,,,,,,,,,,,,,,,,,,,,,,,,,,,,,,,,,,,,,,,,,,,,
"Korea, Dem. People's Rep.",PRK,,,,,,,,,,,,,,,,,,,,,,,,,,,,,,,,,,,,,,,,,,,,,,,,,,,,,,,,,,,,,
Portugal,PRT,,,,,,,,,,,,,,,,,,,,,,,,,,,,,,,,,,,,,,,,,,,,,,,,,,,,,,,,,,,,,
Paraguay,PRY,,,,,,,,,,,,,,,,,,,,,,,,,,,,,,,,,,,40.98892975,39.22845036,36.84679524,32.11237691,35.2336645,34.91103836,30.95092278,32.65169226,44.67318171,57.77165395,38.76634354,34.56617852,34.83537014,28.92074155,29.82510328,32.65616484,30.08888127,17.39805402,17.15846732,19.27057315,21.18606778,19.73585618,18.07485652,18.0772406,,,
West Bank and Gaza,PSE,,,,,,,,,,,,,,,,,,,,,,,,,,,,,,,,,,,,,,,,,,,,,7.2825,7.335,7.7275,7.9775,7.1875,6.187694259,6.33375,6.786607607,6.968079817,7.515867936,6.408557252,6.782107783,6.149716534,5.792098398,5.872961038,5.931960713,5.577199658
Pacific island small states,PSS,,,,,,,,,,,,,,,,,,,,,,,,,,,,,,,,,,,,,,,,,,,,,,,,,,,,,,,,,,,,,
Post-demographic dividend,PST,,,,,,,,,,,,,,,,,,,,,,,,,,,,,,,,,,,,,,,,,,,,,,,,,,,,,,,,,,,,,
French Polynesia,PYF,,,,,,,,,,,,,,,,,,,,,,,,,,,,,,,,,,,,,,,,,,,,,,,,,,,,,,,,,,,,,
Qatar,QAT,,,,,,,,,,,,,,,,,,,,9,9.5,9.5,9.5,9.5,9.5,9.5,9.5,9.5,9.5,9.5,9.5,9.5,8.125,7.2,8.8625,10.19444444,,,,,,,,,6.185,6.651666667,7.18,7.428333333,6.844166667,7.044166667,7.271447981,5.487058673,5.38110455,5.112674134,4.963923611,4.435962126,4.040684942,4.696532893,4.980642641,5.039070556,4.086480199
Romania,ROU,,,,,,,,,,,,,,,,,,,,,,,,,,,,,,,,,,86.4,90.39166667,50.71666667,55.13333333,72.525,55.31666667,65.64166667,53.85,45.4,35.425,25.435,25.6125,19.60083333,13.98166667,13.34833333,14.98833333,17.275,14.0725,12.1275,11.32916667,10.5225,8.465833333,6.7675,5.709166667,5.564516743,6.808202289,7.161666667,6.486666667
Russian Federation,RUS,,,,,,,,,,,,,,,,,,,,,,,,,,,,,,,,,,,,,,32.04166667,41.79166667,39.71666667,24.43333333,17.90833333,15.7,12.975,11.44166667,10.68333333,10.425,10.03333333,12.225,15.30833333,10.81666667,8.458333333,9.1,9.466666667,11.14166667,15.71666667,12.59833333,10.56,8.866666667,8.753333333,6.775833333
Rwanda,RWA,,,,,,,,,,,,,,,,,,,,,,,,,,,,,,,,,,,,,18.25583333,16.715,15.71666667,16.3225,16.48416667,16.35416667,16.215,15.9925,15.9875,15.77916667,15.86583333,15.99916667,16.25166667,16.72333333,17.00083333,16.6675,16.70166667,17.31916667,17.25916667,17.33333333,17.29166667,17.17083333,16.94666667,16.5275,16.345
South Asia,SAS,,,,,,,,,,,,,,,,,,,,,,,,,,,,,,,,,,,,,,,,,,,,,,,,,,,,,,,,,,,,,
Saudi Arabia,SAU,,,,,,,,,,,,,,,,,,,,,,,,,,,,,,,,,,,,,,,,,,,,,,,,,,,,,,,,,,,,,
Sudan,SDN,,,,,,,,,,,,,,,,,,,,,,,,,,,,,,,,,,,,,,,,,,,,,,,,,,,,,,,,,,,,,
Senegal,SEN,,,,,,,,,,,,,,,,,,,,,,,,,,,,,,,,,,,,,,,,,,,,,,7.049166667,4.736666667,4.751666667,4.984166667,4.9775,5.113333333,5.255916667,5.039166667,5.2875,5.338333333,5.154166667,5.295,5.14,,,
Singapore,SGP,,,,,,,,,,,,,,,,,,,7.17,8.503333333,11.72166667,13.645,10.22833333,9.050833333,9.719166667,8.064166667,6.82,6.1,5.964166667,6.211666667,7.3625,7.583333333,5.9525,5.388333333,5.878333333,6.369166667,6.26,6.3225,7.441666667,5.8,5.833333333,5.648333333,5.345833333,5.306666667,5.3,5.3,5.3125,5.33,5.38,5.38,5.38,5.38,5.38,5.38,5.35,5.35,5.35,5.28,5.33,5.25,5.25
Solomon Islands,SLB,,,,,,,,,,,,,,,,,,,,,,9,10.58333333,11.5,12,12.83333333,15.125,17.33333333,18,18,18,19.45833333,16.5625,15.79166667,14.5,14.5,15.4375,14.66666667,14,14.04166667,10.33333333,10,10,10,10,9.25,8.166666667,8,8,10.16666667,14.43333333,13.17333333,11.27833333,10.77416667,10.91,10.47833333,10.09984012,10.69473065,10.74865181,10.59515703,10.68257074
Sierra Leone,SLE,,,,,,8,8,8,8,8,8,8,8,8,8,8.5,9,11,11,11,11,15,15,17.25,18,17,17.1875,28.54166667,28,29.66666667,52.5,56.25,62.83333333,50.45833333,27.33333333,28.83333333,32.1225,23.8675,23.83333333,26.83333333,26.25,24.265,22.16666667,20,22.08333333,24.58333333,24,25,24.5,22.16666667,21.25,21,21,20.56,19.41166667,18.73,22.96462963,23.10930556,23.24034091,22.99,23.46772727
El Salvador,SLV,,,,,,,,,,,,,,,,,,,,,,,,,,,,,,,,,,,,,,,,,,,,,,,,,,,,,,,,,,,,,
San Marino,SMR,,,,,,,,,,,,,,,,,,,,,,,,,,,,,,,,,,,,,,,,,,8.1,7.95,7.4875,7.1375,7.175,6.709333333,7.5825,7.8925,5.7425,5.3825,5.92,6.4775,6.622691605,6.109865237,2.489613245,2.307485489,2.230587405,2.137461912,2.028904127,1.717608091
Somalia,SOM,,,,,,,,,,,,,,,,7,7,7,7,7.5,7.5,10,11.5,12,12,19,20.58333333,22,33.66666667,,,,,,,,,,,,,,,,,,,,,,,,,,,,,,,,
Serbia,SRB,,,,,,,,,,,,,,,,,,,,,,,,,,,,,,,,,,,,,,19.05,16.15476397,3.346958757,78.7,38.85,3.279258876,2.587666585,3.453948654,3.500443136,5.115612208,4.393333333,6.031966324,6.87059316,6.585833333,11.72666667,9.983333333,9.281666667,6.8975,5.028333333,,,,,
Sub-Saharan Africa (excluding high income),SSA,,,,,,,,,,,,,,,,,,,,,,,,,,,,,,,,,,,,,,,,,,,,,,,,,,,,,,,,,,,,,
South Sudan,SSD,,,,,,,,,,,,,,,,,,,,,,,,,,,,,,,,,,,,,,,,,,,,,,,,,,,,,12.02531208,13.56412291,18.65948797,13.78039389,10.36600582,10.13137647,16.18268559,15.65470531,16.11404725
Sub-Saharan Africa,SSF,,,,,,,,,,,,,,,,,,,,,,,,,,,,,,,,,,,,,,,,,,,,,,,,,,,,,,,,,,,,,
Small states,SST,,,,,,,,,,,,,,,,,,,,,,,,,,,,,,,,,,,,,,,,,,,,,,,,,,,,,,,,,,,,,
Sao Tome and Principe,STP,,,,,,,,,,,,,,,,,,,,,,,,,,,,,,,,,,,,,,,,,,37,37.41666667,29.59,29.77,31.19777778,29.3,32.4,32.4,31.10833333,28.87497222,26.95,26.16805556,25.92611111,23.175,23.30583333,19.585,19.61333333,19.87362408,19.06201852,19.10843519
Suriname,SUR,,,,,,,,,,,,,,,,,,,,,,,,,,,,,,,8.7,8.9,8.925,9.35,15.375,40.325,35.925,33.15,27.075,27.375,29,25.725,22.18333333,21.04166667,20.44166667,17.4,15.64166667,13.76666667,12.2,11.65,11.59054306,11.76110903,11.74166667,11.98333333,12.28333333,12.61666667,13.48333333,14.425,14.29911497,14.96421939,15.09155411
Slovak Republic,SVK,,,,,,,,,,,,,,,,,,,,,,,,,,,,,,,,,,,,,,,,,,,,,,,,,,,,,,,,,,,,,
Slovenia,SVN,,,,,,,,,,,,,,,,,,,,,,,,,,,,,,,,,,,,,,,,,,,,,,,,,,,,,,,,,,,,,
Sweden,SWE,,,,,,,,,,,,,,,,,,,,,,,,,,,,,,,,,15.2,12.1,10.65,11.14,8.7275,7.06,6.455,5.375,5.7725,5.73,5.7925,5.0175,4.1825,3.532,3.678033333,,,,,,,,,,,,,,
Eswatini,SWZ,,,,,,,,,,,,,,,,10.75,10.5,10.5,10.47916667,9.75,9.5,11.25,17.375,16.5,20.33333333,20.625,14.2825,11.86833333,13.14833333,14.49666667,14.5,16.01666667,15.92083333,14.34583333,14.25,17.05416667,18.66666667,19.5,19.5,17.41666667,14,13.25,15.25,14.625,11.29166667,10.625,11.16666667,13.16666667,14.83333333,11.375,9.75,9,8.75,8.5,8.625,9.041666667,10.25,10.75,10.3125,10.125,7.958333333
Sint Maarten (Dutch part),SXM,,,,,,,,,,,,,,,,,,,,,,,,,,,,,,,,,,,,,,,,,,,,,,,,,,,,,,,,,,,,,
Seychelles,SYC,,,,,,,,,,,,,,,,,,,,,,,,,,,,,,15.50666667,15.6475,15.57583333,15.56333333,15.71333333,15.71666667,15.76083333,16.21583333,14.88083333,14.30255833,11.1707025,10.737,10.62534167,10.58753333,10.615875,9.99165,9.769033333,10.04996667,10.8936722,11.80777072,15.34725161,12.70264981,11.18993449,12.19118576,12.28683447,11.64816842,12.3582003,12.35756382,12.24125228,12.30881156,12.60439604,11.60739728
Syrian Arab Republic,SYR,,,,,,,,,,,,,,,,,,,,,,,,,,,,,,,,,,,,,,,,,,,,,,,,,,,,,,,,,,,,,
Turks and Caicos Islands,TCA,,,,,,,,,,,,,,,,,,,,,,,,,,,,,,,,,,,,,,,,,,,,,,,,,,,,,,,,,,,,,
Chad,TCD,,,,,,,,,,,,,,,,,,,,,,,,,,,,,,,,,,,,,,,,,,,,,,,,,,,,,,,,,,,,,
East Asia & Pacific (IDA & IBRD countries),TEA,,,,,,,,,,,,,,,,,,,,,,,,,,,,,,,,,,,,,,,,,,,,,,,,,,,,,,,,,,,,,
Europe & Central Asia (IDA & IBRD countries),TEC,,,,,,,,,,,,,,,,,,,,,,,,,,,,,,,,,,,,,,,,,,,,,,,,,,,,,,,,,,,,,
Togo,TGO,,,,,,,,,,,,,,,,,,,,,,,,,,,,,,,,,,,,,,,,,,,,,,8.755833333,4.736666667,4.751666667,4.984166667,4.9775,5.113333333,5.255916667,5.039166667,5.2875,5.338333333,5.154166667,5.295,5.14,,,
Thailand,THA,,,,,,,,,,,,,,,,,11.04166667,10.89583333,10.97916667,12.95833333,16.14583333,17.20833333,16.95833333,15.20833333,16.79166667,16.08333333,13.375,11.54166667,11.58333333,12.25,14.41666667,15.39583333,12.16666667,11.16666667,10.89583333,13.25,13.39583333,13.64583333,14.41666667,8.979166667,7.833333333,7.270833333,,,4.553087157,4.719350058,6.273807285,6.046568362,5.821888193,4.775997541,4.334039919,5.067567613,5.187314107,5.060433601,4.949152148,4.731874989,4.468345523,4.416582833,4.146666667,4.084166667,3.2925
Tajikistan,TJK,,,,,,,,,,,,,,,,,,,,,,,,,,,,,,,,,,,,,,,,,,,14.21083333,16.72833333,20.3146154,23.28486802,24.155,22.96,23.5944101,22.61583333,23.39962361,22.46166667,21.09333333,24.33416667,24.53123634,25.83626016,24.94314,29.64670088,27.18879646,23.54970722,
Turkmenistan,TKM,,,,,,,,,,,,,,,,,,,,,,,,,,,,,,,,,,,,,,,,,,,,,,,,,,,,,,,,,,,,,
Latin America & the Caribbean (IDA & IBRD countries),TLA,,,,,,,,,,,,,,,,,,,,,,,,,,,,,,,,,,,,,,,,,,,,,,,,,,,,,,,,,,,,,
Timor-Leste,TLS,,,,,,,,,,,,,,,,,,,,,,,,,,,,,,,,,,,,,,,,,,,,,,,,,,,,11.04416667,12.21083333,12.41416667,12.86666667,13.49666667,14.04833333,13.28666667,13.45630144,15.36218033,14.1277355
Middle East & North Africa (IDA & IBRD countries),TMN,,,,,,,,,,,,,,,,,,,,,,,,,,,,,,,,,,,,,,,,,,,,,,,,,,,,,,,,,,,,,
Tonga,TON,,,,,,,,,,,,,,,,,,,,,,,,,,,,,,,,,,,,,,,,,,,,,,,,,,,,,9.927427563,9.353972246,8.64435559,8.236841006,7.927524716,7.871986323,8.03811869,8.06577614,7.82858252
South Asia (IDA & IBRD),TSA,,,,,,,,,,,,,,,,,,,,,,,,,,,,,,,,,,,,,,,,,,,,,,,,,,,,,,,,,,,,,
Sub-Saharan Africa (IDA & IBRD countries),TSS,,,,,,,,,,,,,,,,,,,,,,,,,,,,,,,,,,,,,,,,,,,,,,,,,,,,,,,,,,,,,
Trinidad and Tobago,TTO,,,,,,,,,,,,,,,,,,,,9,10,11.38,11.5,11.70833333,12.75,12.6875,12,11.5,12.58333333,13.3125,12.87,13.17,15.33333333,15.5,15.97916667,15.16666667,15.79166667,15.33333333,17.33333333,17.04166667,16.5,15.66666667,12.47916667,11.16666667,9.3125,9.104166667,10.9175,11.75,12.4375,11.9375,9.2825,7.969166667,7.708333333,7.5,7.5,8.1825,9,9,9.09375,9.25,6.555
Tunisia,TUN,,,,,,,,,,,,,,,,,,,,,,,,,,,,,,,,,,,,,,,,,,,,,,,,,,,,,,,,,,,,,
Turkey,TUR,,,,,,,,,,,,,,,,,,,,,,,,,,,,,,,,,,,,,,,,,,,,,,,,,,,,,,,,,,,,,
Tuvalu,TUV,,,,,,,,,,,,,,,,,,,,,,,,,,,,,,,,,,,,,,,,,,,,,,,,,,,,,,,,,,,,,
Tanzania,TZA,,,,,,,,,,,,,,,,,,,,,,,,,,,,,,,,,27.36086957,27.36086957,34.42173913,37.80507246,33.965,26.27,22.8925,21.89416667,21.5775,20.05726141,16.39824076,14.51696089,14.14031947,15.24894872,15.65209779,16.07036615,14.98213468,15.03048182,14.54416667,14.96333333,15.55666667,15.86083333,16.29083333,16.105,15.95833333,17.77416667,17.41416667,16.97083333,16.67953411
Uganda,UGA,,,,,,,,,,,,,,,,,,,,,12,12.5,14.5,16.16666667,21.91666667,24,33.33333333,34.66666667,35,40,38.66666667,34.41666667,39.11111111,,20.76222222,20.1625,20.29416667,21.37083333,20.86166667,21.54916667,22.9197575,22.655,19.09717823,18.94214089,20.60317574,19.6453884,18.6973348,19.10578947,20.4500661,20.95516578,20.17463013,21.83331426,26.15013025,23.28357272,21.58422686,22.60135727,23.88613262,21.27867149,19.84655871,,
Ukraine,UKR,,,,,,,,,,,,,,,,,,,,,,,,,,,,,,,,,75.7,184.25,250.2833333,122.7,79.88333333,49.11666667,54.49666667,54.9525,41.528425,32.277975,25.34945833,17.89489167,17.401225,16.17416667,15.16916667,13.89916667,17.4925,20.86333333,15.86839167,15.947225,18.39221667,16.6492,17.71804167,21.82294167,19.23716667,16.383525,19.004875,19.82170833,14.2924
Upper middle income,UMC,,,,,,,,,,,,,,,,,,,,,,,,,,,,,,,,,,,,,,,,,,,,,,,,,,,,,,,,,,,,,
Uruguay,URY,,,,,,,,,,,,,,,,,59.73611706,62.15916128,71.91595271,63.54029649,64.56605188,58.54074857,56.73961903,90.75916,80.67121919,91.67183999,91.81722264,92.85105485,98.39174932,123.6560238,169.0800263,148.1772314,114.1415368,94.33718864,92.15644884,96.04947323,88.6995724,69.34752583,56.14193478,51.63717249,47.54032969,50.11844875,118.3799408,58.94099583,23.67911417,13.60952333,9.25001575,8.939703917,12.4476125,15.28484239,10.32622218,9.781820742,11.19919216,12.43406496,15.5341402,15.84108139,16.17031304,13.83345814,12.20118474,11.55718506,11.23125945
United States,USA,4.820833333,4.5,4.5,4.5,4.5,4.535,5.625,5.633333333,6.3125,7.951666667,7.91,5.723333333,5.248333333,8.021666667,10.79833333,7.8625,6.84,6.824166667,9.056666667,12.66583333,15.26583333,18.87,14.86083333,10.79416667,12.0425,9.933333333,8.3325,8.203333333,9.315,10.87333333,10.00916667,8.463333333,6.251666667,6,7.138333333,8.829166667,8.270833333,8.441666667,8.354166667,7.994166667,9.233333333,6.921666667,4.675,4.1225,4.34,6.189166667,7.9575,8.05,5.0875,3.25,3.25,3.25,3.25,3.25,3.25,3.26,3.511666667,4.096666667,4.904166667,5.2825,3.544166667
Uzbekistan,UZB,,,,,,,,,,,,,,,,,,,,,,,,,,,,,,,,,,,,,,,,,,,,,,,,,,,,,,16.20156695,15.99015218,13.77376289,13.52396679,15.37677688,19.96562216,23.60606748,22.34105103
St. Vincent and the Grenadines,VCT,,,,,,,,,,,,,,,,,,,,,8.968657195,8.968657195,8.968657195,9.491828864,10.76238863,10.83712744,11.21082149,11.21082149,10.79975804,11.21082149,11.54714614,11.18536803,11.29681304,11.92183974,11.73318828,11.06568453,11.22511352,11.29057432,11.30709905,11.54638186,11.46448389,11.62614729,11.56263852,11.83238452,9.69262523,9.584125352,9.731677791,9.612582863,9.524416092,9.186560754,9.171837676,9.136378053,9.414408973,9.439781329,9.146008452,9.30275,9.1175,8.7525,8.48572125,8.351369417,8.029587417
"Venezuela, RB",VEN,,,,,,,,,,,,,,,,,,,,,,,,,9.569166667,9.3275,8.486666667,8.471666667,8.4975,22.4975,35.53166667,37.16333333,41.3275,59.90166667,54.655,39.74416667,39.41333333,23.685,46.3525,32.12583333,25.19916667,22.45166667,36.5775,25.19333333,18.49666667,16.80916667,15.47666667,17.105,22.37083333,19.89333333,18.3475,17.15,16.38,15.895,17.21166667,19.395,20.775,21.05916667,,,
British Virgin Islands,VGB,,,,,,,,,,,,,,,,,,,,,,,,,,,,,,,,,,,,,,,,,,,,,,,,,,,,,,,,,,,,,
Virgin Islands (U.S.),VIR,,,,,,,,,,,,,,,,,,,,,,,,,,,,,,,,,,,,,,,,,,,,,,,,,,,,,,,,,,,,,
Vietnam,VNM,,,,,,,,,,,,,,,,,,,,,,,,,,,,,,,,,,32.1825,,,20.1,14.41666667,14.4,12.7,10.55,9.42,9.061666667,9.48,9.7225,11.025,11.17625,11.18,15.78357143,10.069,13.13525,16.95383333,13.47166667,10.37416667,8.665,7.1175,6.96,7.0675,7.371875,7.7075,7.6475
Vanuatu,VUT,,,,,,,,,,,,,,,,,,,,,,16,17.16666667,17.5,16.83333333,15.75,16,15.41666667,17.04166667,17,17.33333333,18,16.25,16,16,10.5,10.5,10.5,10.95833333,10.29166667,9.854166667,8.8125,7.408333333,5.9,7.608333333,7.466666667,8.25,8.160833333,5.291666667,5.5,5.5,5.5,6.05,5,4.691666667,3.625,2.95,3.208333333,2.695833333,2,2.083333333
World,WLD,,,,,,,,,,,,,,,,,,,,,,,,,,,,,,,,,,,,,,,,,,,,,,,,,,,,,,,,,,,,,
Samoa,WSM,,,,,,,,,,,,,,,,,,,,,,,,,,,,,,,,,,,,,,,,,,11.57,11.44583333,11.28166667,11.23083333,11.4275,11.72166667,12.65083333,12.66083333,12.0825,10.72,9.9625,9.86,10.20083333,10.015,9.508333333,9.091666667,8.761666667,8.950100768,8.929166667,8.705
Kosovo,XKX,,,,,,,,,,,,,,,,,,,,,,,,,,,,,,,,,,,,,,,,,,,,,14.78834585,14.42139064,14.49437262,14.57387073,14.83335627,14.38976522,14.36583333,13.775,12.66583333,11.82,10.615,8.32,7.4468,6.8327,6.654058333,,
"Yemen, Rep.",YEM,,,,,,,,,,,,,,,,,,,,,,,,,,,,,,,,,,,,,31.45,22.51666667,18.125,24.08333333,19.54166667,17.5,17.70833333,18,18.5,18,18,18,18,18,23.83333333,25,24.5,22.08333333,,,,,,,
South Africa,ZAF,6.208333333,6.833333333,6.208333333,5.5,5.791666667,6.916666667,7.5,8.25,8.333333333,8,8.166666667,8.833333333,8.791666667,8,10.16666667,11.79166667,12.25,12.5,12.125,10,9.5,14,19.33333333,16.66666667,22.33333333,21.5,14.33333333,12.5,15.33333333,19.83333333,21,20.3125,18.90583333,16.15833333,15.58333333,17.89583333,19.52083333,20,21.79166667,18,14.5,13.77083333,15.75,14.95833333,11.29166667,10.625,11.16666667,13.16666667,15.125,11.70833333,9.833333333,9,8.75,8.5,9.125,9.416666667,10.45833333,10.375,10.08333333,10.125,7.708333333
Zambia,ZMB,,,,,,,,,,,,,,,,,,,8.25,9.083333333,9.5,9.5,9.5,13,14.54166667,18.6025,27.395,21.19583333,18.39,18.39,35.10416667,43,54.56666667,113.3083333,70.55833333,45.53333333,53.78333333,46.69166667,31.8,40.51666667,38.8,46.23333333,45.19801667,40.57103333,30.7271,28.20916667,23.15333333,18.89083333,19.06416667,22.0625,20.91666667,18.83666667,12.15083333,9.520833333,11.57333333,13.25,15.5,12.375,9.791666667,10.29166667,9.479166667
Zimbabwe,ZWE,,,,,,,,,,,,,,,,,,,,,,,,,,,,,,,,,,,,,,,,,,,,,,,,,,,,,11.59666667,9.74,9.4675,8.541771335,7.113333333,6.914166667,7.131666667,16.18166667,
